{"cameraMode":{"drawMode":0,"name":"Shaded","section":"Shading Mode"},"sceneLighting":false,"audioPlay":false,"sceneViewState":{"showFog":false,"showMaterialUpdate":false,"showSkybox":false,"showFlares":true,"showImageEffects":true,"showParticleSystems":true},"in2DMode":false,"pivot":{"x":365.5,"y":211.50003051757813,"z":212.6259307861328},"rotation":{"x":0.3224525451660156,"y":-0.07514671236276627,"z":0.025688886642456056,"w":0.9432483315467835},"size":2704.505615234375,"orthographic":false}