{"cameraMode":{"drawMode":0,"name":"Shaded","section":"Shading Mode"},"sceneLighting":false,"audioPlay":false,"sceneViewState":{"showFog":false,"showMaterialUpdate":false,"showSkybox":true,"showFlares":true,"showImageEffects":true,"showParticleSystems":true},"in2DMode":false,"pivot":{"x":676.01953125,"y":612.6392211914063,"z":-549.5357666015625},"rotation":{"x":-0.0772770419716835,"y":0.0358826145529747,"z":-0.002783697796985507,"w":-0.9963598847389221},"size":312.16143798828127,"orthographic":false}