{"cameraMode":{"drawMode":0,"name":"Shaded","section":"Shading Mode"},"sceneLighting":false,"audioPlay":false,"sceneViewState":{"showFog":false,"showMaterialUpdate":false,"showSkybox":false,"showFlares":true,"showImageEffects":true,"showParticleSystems":true},"in2DMode":false,"pivot":{"x":90.06961059570313,"y":7.3212127685546879,"z":297.9519958496094},"rotation":{"x":-0.25211289525032046,"y":0.08607666194438935,"z":-0.022520538419485093,"w":-0.963598906993866},"size":44.698097229003909,"orthographic":false}